DATE,age_category,percent_positive_7d_avg
2020-05-01,0to13,0.034
2020-05-02,0to13,0.035
2020-05-03,0to13,0.036
2020-05-04,0to13,0.0359
2020-05-05,0to13,0.0355
2020-05-06,0to13,0.0327
2020-05-07,0to13,0.0346
2020-05-08,0to13,0.0292
2020-05-09,0to13,0.0264
2020-05-10,0to13,0.0301
2020-05-11,0to13,0.0333
2020-05-12,0to13,0.0341
2020-05-13,0to13,0.0334
2020-05-14,0to13,0.0329
2020-05-15,0to13,0.0318
2020-05-16,0to13,0.0335
2020-05-17,0to13,0.0339
2020-05-18,0to13,0.0329
2020-05-19,0to13,0.0317
2020-05-20,0to13,0.0329
2020-05-21,0to13,0.034
2020-05-22,0to13,0.0366
2020-05-23,0to13,0.0373
2020-05-24,0to13,0.0366
2020-05-25,0to13,0.0379
2020-05-26,0to13,0.041
2020-05-27,0to13,0.0369
2020-05-28,0to13,0.0346
2020-05-29,0to13,0.0309
2020-05-30,0to13,0.0301
2020-05-31,0to13,0.0282
2020-06-01,0to13,0.0249
2020-06-02,0to13,0.0254
2020-06-03,0to13,0.0282
2020-06-04,0to13,0.0287
2020-06-05,0to13,0.0292
2020-06-06,0to13,0.027
2020-06-07,0to13,0.0278
2020-06-08,0to13,0.0261
2020-06-09,0to13,0.0248
2020-06-10,0to13,0.024
2020-06-11,0to13,0.0253
2020-06-12,0to13,0.0248
2020-06-13,0to13,0.0249
2020-06-14,0to13,0.0247
2020-06-15,0to13,0.0277
2020-06-16,0to13,0.0251
2020-06-17,0to13,0.023
2020-06-18,0to13,0.0208
2020-06-19,0to13,0.0215
2020-06-20,0to13,0.0216
2020-06-21,0to13,0.0206
2020-06-22,0to13,0.0183
2020-06-23,0to13,0.0162
2020-06-24,0to13,0.0175
2020-06-25,0to13,0.0178
2020-06-26,0to13,0.0166
2020-06-27,0to13,0.0165
2020-06-28,0to13,0.0146
2020-06-29,0to13,0.0132
2020-06-30,0to13,0.014
2020-07-01,0to13,0.0124
2020-07-02,0to13,0.0102
2020-07-03,0to13,0.009
2020-07-04,0to13,0.0097
2020-07-05,0to13,0.0099
2020-07-06,0to13,0.0109
2020-07-07,0to13,0.0103
2020-07-08,0to13,0.0108
2020-07-09,0to13,0.0111
2020-07-10,0to13,0.0125
2020-07-11,0to13,0.0115
2020-07-12,0to13,0.0112
2020-07-13,0to13,0.0103
2020-07-14,0to13,0.0102
2020-07-15,0to13,0.0108
2020-07-16,0to13,0.0106
2020-07-17,0to13,0.0108
2020-07-18,0to13,0.0104
2020-07-19,0to13,0.0107
2020-07-20,0to13,0.0112
2020-07-21,0to13,0.0131
2020-07-22,0to13,0.0134
2020-07-23,0to13,0.0138
2020-07-24,0to13,0.0137
2020-07-25,0to13,0.0141
2020-07-26,0to13,0.0141
2020-07-27,0to13,0.0137
2020-07-28,0to13,0.0121
2020-07-29,0to13,0.0104
2020-07-30,0to13,0.0095
2020-07-31,0to13,0.0093
2020-08-01,0to13,0.0092
2020-08-02,0to13,0.01
2020-08-03,0to13,0.0102
2020-08-04,0to13,0.0084
2020-08-05,0to13,0.0086
2020-08-06,0to13,0.0089
2020-08-07,0to13,0.0079
2020-08-08,0to13,0.0075
2020-08-09,0to13,0.0067
2020-08-10,0to13,0.0062
2020-08-11,0to13,0.0076
2020-08-12,0to13,0.0068
2020-08-13,0to13,0.0097
2020-08-14,0to13,0.0091
2020-08-15,0to13,0.0086
2020-08-16,0to13,0.0086
2020-08-17,0to13,0.0087
2020-08-18,0to13,0.0081
2020-08-19,0to13,0.0091
2020-08-20,0to13,0.0063
2020-08-21,0to13,0.0064
2020-08-22,0to13,0.0067
2020-08-23,0to13,0.0067
2020-08-24,0to13,0.008
2020-08-25,0to13,0.0084
2020-08-26,0to13,0.008
2020-08-27,0to13,0.0077
2020-08-28,0to13,0.0085
2020-08-29,0to13,0.0083
2020-08-30,0to13,0.0082
2020-08-31,0to13,0.0068
2020-09-01,0to13,0.0076
2020-09-02,0to13,0.0071
2020-09-03,0to13,0.0083
2020-09-04,0to13,0.0088
2020-09-05,0to13,0.009
2020-09-06,0to13,0.0093
2020-09-07,0to13,0.0105
2020-09-08,0to13,0.0095
2020-09-09,0to13,0.0093
2020-09-10,0to13,0.0087
2020-09-11,0to13,0.0074
2020-09-12,0to13,0.0071
2020-09-13,0to13,0.007
2020-09-14,0to13,0.006
2020-09-15,0to13,0.0056
2020-09-16,0to13,0.0056
2020-09-17,0to13,0.0053
2020-09-18,0to13,0.0058
2020-09-19,0to13,0.0059
2020-09-20,0to13,0.0058
2020-09-21,0to13,0.0055
2020-09-22,0to13,0.0051
2020-09-23,0to13,0.0053
2020-09-24,0to13,0.0051
2020-09-25,0to13,0.0051
2020-09-26,0to13,0.0052
2020-09-27,0to13,0.0055
2020-09-28,0to13,0.0055
2020-09-29,0to13,0.0057
2020-09-30,0to13,0.0055
2020-10-01,0to13,0.0057
2020-10-02,0to13,0.0058
2020-10-03,0to13,0.0059
2020-10-04,0to13,0.0056
2020-10-05,0to13,0.0061
2020-10-06,0to13,0.0068
2020-10-07,0to13,0.0076
2020-10-08,0to13,0.0089
2020-10-09,0to13,0.0101
2020-10-10,0to13,0.0111
2020-10-11,0to13,0.0124
2020-10-12,0to13,0.0138
2020-10-13,0to13,0.0143
2020-10-14,0to13,0.0147
2020-10-15,0to13,0.0164
2020-10-16,0to13,0.017
2020-10-17,0to13,0.0173
2020-10-18,0to13,0.0168
2020-10-19,0to13,0.018
2020-10-20,0to13,0.0197
2020-10-21,0to13,0.0231
2020-10-22,0to13,0.0243
2020-10-23,0to13,0.0257
2020-10-24,0to13,0.0273
2020-10-25,0to13,0.0296
2020-10-26,0to13,0.0301
2020-10-27,0to13,0.0296
2020-10-28,0to13,0.0296
2020-10-29,0to13,0.0294
2020-10-30,0to13,0.0292
2020-10-31,0to13,0.0302
2020-11-01,0to13,0.03
2020-11-02,0to13,0.0316
2020-11-03,0to13,0.0343
2020-11-04,0to13,0.0349
2020-11-05,0to13,0.0349
2020-11-06,0to13,0.0387
2020-11-07,0to13,0.04
2020-11-08,0to13,0.0419
2020-11-09,0to13,0.042
2020-11-10,0to13,0.0431
2020-11-11,0to13,0.0446
2020-11-12,0to13,0.0462
2020-11-13,0to13,0.044
2020-11-14,0to13,0.0428
2020-11-15,0to13,0.0419
2020-11-16,0to13,0.0418
2020-11-17,0to13,0.0423
2020-11-18,0to13,0.0427
2020-11-19,0to13,0.0447
2020-11-20,0to13,0.0465
2020-11-21,0to13,0.0466
2020-11-22,0to13,0.0466
2020-11-23,0to13,0.0471
2020-11-24,0to13,0.0478
2020-11-25,0to13,0.0476
2020-11-26,0to13,0.048
2020-11-27,0to13,0.0478
2020-11-28,0to13,0.0492
2020-11-29,0to13,0.05
2020-11-30,0to13,0.0513
2020-12-01,0to13,0.0516
2020-12-02,0to13,0.0523
2020-12-03,0to13,0.0524
2020-12-04,0to13,0.0528
2020-12-05,0to13,0.0521
2020-12-06,0to13,0.0519
2020-12-07,0to13,0.0499
2020-12-08,0to13,0.0467
2020-12-09,0to13,0.0457
2020-12-10,0to13,0.0444
2020-12-11,0to13,0.0435
2020-12-12,0to13,0.043
2020-12-13,0to13,0.0439
2020-12-14,0to13,0.0458
2020-12-15,0to13,0.0486
2020-12-16,0to13,0.0503
2020-12-17,0to13,0.052
2020-12-18,0to13,0.0528
2020-12-19,0to13,0.0544
2020-12-20,0to13,0.0541
2020-12-21,0to13,0.0557
2020-12-22,0to13,0.0582
2020-12-23,0to13,0.0623
2020-12-24,0to13,0.0657
2020-12-25,0to13,0.0712
2020-12-26,0to13,0.077
2020-12-27,0to13,0.0821
2020-12-28,0to13,0.0955
2020-12-29,0to13,0.1086
2020-12-30,0to13,0.1225
2020-12-31,0to13,0.1328
2021-01-01,0to13,0.1369
2021-01-02,0to13,0.1429
2021-01-03,0to13,0.1541
2021-01-04,0to13,0.1598
2021-01-05,0to13,0.1704
2021-01-06,0to13,0.1756
2021-01-07,0to13,0.1758
2021-01-08,0to13,0.1716
2021-01-09,0to13,0.1705
2021-01-10,0to13,0.1627
2021-01-11,0to13,0.1541
2021-01-12,0to13,0.1456
2021-01-13,0to13,0.1387
2021-01-14,0to13,0.1369
2021-01-15,0to13,0.1289
2021-01-16,0to13,0.1251
2021-01-17,0to13,0.1262
2021-01-18,0to13,0.1227
2021-01-19,0to13,0.1186
2021-01-20,0to13,0.1143
2021-01-21,0to13,0.1086
2021-01-22,0to13,0.1111
2021-01-23,0to13,0.1089
2021-01-24,0to13,0.1066
2021-01-25,0to13,0.1059
2021-01-26,0to13,0.1034
2021-01-27,0to13,0.1025
2021-01-28,0to13,0.1006
2021-01-29,0to13,0.0987
2021-01-30,0to13,0.0995
2021-01-31,0to13,0.0987
2021-02-01,0to13,0.0967
2021-02-02,0to13,0.0914
2021-02-03,0to13,0.0871
2021-02-04,0to13,0.0857
2021-02-05,0to13,0.0817
2021-02-06,0to13,0.0782
2021-02-07,0to13,0.0761
2021-02-08,0to13,0.072
2021-02-09,0to13,0.072
2021-02-10,0to13,0.0686
2021-02-11,0to13,0.0622
2021-02-12,0to13,0.062
2021-02-13,0to13,0.0623
2021-02-14,0to13,0.0614
2021-02-15,0to13,0.0628
2021-02-16,0to13,0.0631
2021-02-17,0to13,0.0607
2021-02-18,0to13,0.0587
2021-02-19,0to13,0.0549
2021-02-20,0to13,0.0506
2021-02-21,0to13,0.0507
2021-02-22,0to13,0.0419
2021-02-23,0to13,0.0337
2021-02-24,0to13,0.031
2021-02-25,0to13,0.0292
2021-02-26,0to13,0.0274
2021-02-27,0to13,0.0276
2021-02-28,0to13,0.0265
2021-03-01,0to13,0.0253
2021-03-02,0to13,0.0252
2021-03-03,0to13,0.0244
2021-03-04,0to13,0.0238
2021-03-05,0to13,0.0238
2021-03-06,0to13,0.024
2021-03-07,0to13,0.0248
2021-03-08,0to13,0.0258
2021-03-09,0to13,0.0258
2021-03-10,0to13,0.0266
2021-03-11,0to13,0.0266
2021-03-12,0to13,0.028
2021-03-13,0to13,0.0269
2021-03-14,0to13,0.0265
2021-03-15,0to13,0.027
2021-03-16,0to13,0.028
2021-03-17,0to13,0.028
2021-03-18,0to13,0.0301
2020-05-01,14to17,0.0337
2020-05-02,14to17,0.0374
2020-05-03,14to17,0.0431
2020-05-04,14to17,0.0378
2020-05-05,14to17,0.0348
2020-05-06,14to17,0.035
2020-05-07,14to17,0.0384
2020-05-08,14to17,0.0358
2020-05-09,14to17,0.0341
2020-05-10,14to17,0.0271
2020-05-11,14to17,0.0351
2020-05-12,14to17,0.0374
2020-05-13,14to17,0.0423
2020-05-14,14to17,0.0449
2020-05-15,14to17,0.0465
2020-05-16,14to17,0.0497
2020-05-17,14to17,0.0599
2020-05-18,14to17,0.0621
2020-05-19,14to17,0.0676
2020-05-20,14to17,0.0701
2020-05-21,14to17,0.0727
2020-05-22,14to17,0.0677
2020-05-23,14to17,0.0662
2020-05-24,14to17,0.056
2020-05-25,14to17,0.0435
2020-05-26,14to17,0.0362
2020-05-27,14to17,0.0306
2020-05-28,14to17,0.0271
2020-05-29,14to17,0.0258
2020-05-30,14to17,0.0219
2020-05-31,14to17,0.0224
2020-06-01,14to17,0.0258
2020-06-02,14to17,0.0267
2020-06-03,14to17,0.0277
2020-06-04,14to17,0.0273
2020-06-05,14to17,0.0266
2020-06-06,14to17,0.0289
2020-06-07,14to17,0.0288
2020-06-08,14to17,0.0239
2020-06-09,14to17,0.0221
2020-06-10,14to17,0.0174
2020-06-11,14to17,0.0149
2020-06-12,14to17,0.0159
2020-06-13,14to17,0.0147
2020-06-14,14to17,0.0142
2020-06-15,14to17,0.0151
2020-06-16,14to17,0.0153
2020-06-17,14to17,0.0172
2020-06-18,14to17,0.0173
2020-06-19,14to17,0.0158
2020-06-20,14to17,0.0161
2020-06-21,14to17,0.0148
2020-06-22,14to17,0.0147
2020-06-23,14to17,0.0131
2020-06-24,14to17,0.014
2020-06-25,14to17,0.0131
2020-06-26,14to17,0.0139
2020-06-27,14to17,0.0137
2020-06-28,14to17,0.0142
2020-06-29,14to17,0.0132
2020-06-30,14to17,0.0168
2020-07-01,14to17,0.0164
2020-07-02,14to17,0.0164
2020-07-03,14to17,0.0142
2020-07-04,14to17,0.0133
2020-07-05,14to17,0.0139
2020-07-06,14to17,0.0147
2020-07-07,14to17,0.0116
2020-07-08,14to17,0.0109
2020-07-09,14to17,0.0102
2020-07-10,14to17,0.0106
2020-07-11,14to17,0.0107
2020-07-12,14to17,0.0091
2020-07-13,14to17,0.008
2020-07-14,14to17,0.0086
2020-07-15,14to17,0.0106
2020-07-16,14to17,0.012
2020-07-17,14to17,0.0151
2020-07-18,14to17,0.0142
2020-07-19,14to17,0.0148
2020-07-20,14to17,0.0156
2020-07-21,14to17,0.0173
2020-07-22,14to17,0.0161
2020-07-23,14to17,0.0149
2020-07-24,14to17,0.0124
2020-07-25,14to17,0.0127
2020-07-26,14to17,0.0126
2020-07-27,14to17,0.0135
2020-07-28,14to17,0.0128
2020-07-29,14to17,0.0123
2020-07-30,14to17,0.0129
2020-07-31,14to17,0.0127
2020-08-01,14to17,0.0136
2020-08-02,14to17,0.0139
2020-08-03,14to17,0.0134
2020-08-04,14to17,0.0114
2020-08-05,14to17,0.0104
2020-08-06,14to17,0.0111
2020-08-07,14to17,0.0124
2020-08-08,14to17,0.0116
2020-08-09,14to17,0.0114
2020-08-10,14to17,0.0104
2020-08-11,14to17,0.0115
2020-08-12,14to17,0.0119
2020-08-13,14to17,0.013
2020-08-14,14to17,0.0116
2020-08-15,14to17,0.011
2020-08-16,14to17,0.0106
2020-08-17,14to17,0.0108
2020-08-18,14to17,0.0093
2020-08-19,14to17,0.0097
2020-08-20,14to17,0.0072
2020-08-21,14to17,0.0067
2020-08-22,14to17,0.0078
2020-08-23,14to17,0.0078
2020-08-24,14to17,0.0087
2020-08-25,14to17,0.0088
2020-08-26,14to17,0.0108
2020-08-27,14to17,0.0112
2020-08-28,14to17,0.0124
2020-08-29,14to17,0.0127
2020-08-30,14to17,0.0124
2020-08-31,14to17,0.0129
2020-09-01,14to17,0.0133
2020-09-02,14to17,0.0152
2020-09-03,14to17,0.017
2020-09-04,14to17,0.0172
2020-09-05,14to17,0.0171
2020-09-06,14to17,0.0192
2020-09-07,14to17,0.0216
2020-09-08,14to17,0.0232
2020-09-09,14to17,0.0201
2020-09-10,14to17,0.019
2020-09-11,14to17,0.0188
2020-09-12,14to17,0.0181
2020-09-13,14to17,0.0169
2020-09-14,14to17,0.0142
2020-09-15,14to17,0.015
2020-09-16,14to17,0.0146
2020-09-17,14to17,0.0162
2020-09-18,14to17,0.0173
2020-09-19,14to17,0.0173
2020-09-20,14to17,0.0183
2020-09-21,14to17,0.0176
2020-09-22,14to17,0.0151
2020-09-23,14to17,0.016
2020-09-24,14to17,0.0146
2020-09-25,14to17,0.0138
2020-09-26,14to17,0.0152
2020-09-27,14to17,0.0153
2020-09-28,14to17,0.0181
2020-09-29,14to17,0.02
2020-09-30,14to17,0.0189
2020-10-01,14to17,0.0188
2020-10-02,14to17,0.0201
2020-10-03,14to17,0.0194
2020-10-04,14to17,0.0194
2020-10-05,14to17,0.0168
2020-10-06,14to17,0.0161
2020-10-07,14to17,0.0182
2020-10-08,14to17,0.019
2020-10-09,14to17,0.0189
2020-10-10,14to17,0.0209
2020-10-11,14to17,0.0212
2020-10-12,14to17,0.0238
2020-10-13,14to17,0.0261
2020-10-14,14to17,0.0259
2020-10-15,14to17,0.0276
2020-10-16,14to17,0.0294
2020-10-17,14to17,0.0291
2020-10-18,14to17,0.0314
2020-10-19,14to17,0.0334
2020-10-20,14to17,0.0367
2020-10-21,14to17,0.0389
2020-10-22,14to17,0.041
2020-10-23,14to17,0.0409
2020-10-24,14to17,0.0408
2020-10-25,14to17,0.0392
2020-10-26,14to17,0.0378
2020-10-27,14to17,0.0353
2020-10-28,14to17,0.0344
2020-10-29,14to17,0.0345
2020-10-30,14to17,0.0368
2020-10-31,14to17,0.0413
2020-11-01,14to17,0.0423
2020-11-02,14to17,0.043
2020-11-03,14to17,0.046
2020-11-04,14to17,0.051
2020-11-05,14to17,0.0523
2020-11-06,14to17,0.0533
2020-11-07,14to17,0.0542
2020-11-08,14to17,0.0564
2020-11-09,14to17,0.0592
2020-11-10,14to17,0.0629
2020-11-11,14to17,0.0622
2020-11-12,14to17,0.0633
2020-11-13,14to17,0.0653
2020-11-14,14to17,0.0663
2020-11-15,14to17,0.0677
2020-11-16,14to17,0.0669
2020-11-17,14to17,0.0634
2020-11-18,14to17,0.0646
2020-11-19,14to17,0.0644
2020-11-20,14to17,0.0613
2020-11-21,14to17,0.0564
2020-11-22,14to17,0.0558
2020-11-23,14to17,0.0549
2020-11-24,14to17,0.0571
2020-11-25,14to17,0.057
2020-11-26,14to17,0.058
2020-11-27,14to17,0.0594
2020-11-28,14to17,0.0638
2020-11-29,14to17,0.0645
2020-11-30,14to17,0.0684
2020-12-01,14to17,0.0686
2020-12-02,14to17,0.0693
2020-12-03,14to17,0.0704
2020-12-04,14to17,0.0705
2020-12-05,14to17,0.0678
2020-12-06,14to17,0.0654
2020-12-07,14to17,0.0653
2020-12-08,14to17,0.063
2020-12-09,14to17,0.0601
2020-12-10,14to17,0.0589
2020-12-11,14to17,0.0593
2020-12-12,14to17,0.062
2020-12-13,14to17,0.0645
2020-12-14,14to17,0.0638
2020-12-15,14to17,0.0658
2020-12-16,14to17,0.0681
2020-12-17,14to17,0.0672
2020-12-18,14to17,0.068
2020-12-19,14to17,0.0668
2020-12-20,14to17,0.0671
2020-12-21,14to17,0.0665
2020-12-22,14to17,0.0665
2020-12-23,14to17,0.0702
2020-12-24,14to17,0.0769
2020-12-25,14to17,0.0808
2020-12-26,14to17,0.0858
2020-12-27,14to17,0.0914
2020-12-28,14to17,0.0998
2020-12-29,14to17,0.1157
2020-12-30,14to17,0.129
2020-12-31,14to17,0.1347
2021-01-01,14to17,0.1364
2021-01-02,14to17,0.1436
2021-01-03,14to17,0.1474
2021-01-04,14to17,0.1503
2021-01-05,14to17,0.1487
2021-01-06,14to17,0.1461
2021-01-07,14to17,0.1512
2021-01-08,14to17,0.1514
2021-01-09,14to17,0.1506
2021-01-10,14to17,0.1467
2021-01-11,14to17,0.1474
2021-01-12,14to17,0.1471
2021-01-13,14to17,0.1426
2021-01-14,14to17,0.1351
2021-01-15,14to17,0.1302
2021-01-16,14to17,0.1239
2021-01-17,14to17,0.1227
2021-01-18,14to17,0.1179
2021-01-19,14to17,0.1156
2021-01-20,14to17,0.1141
2021-01-21,14to17,0.1115
2021-01-22,14to17,0.1076
2021-01-23,14to17,0.1065
2021-01-24,14to17,0.1081
2021-01-25,14to17,0.108
2021-01-26,14to17,0.0994
2021-01-27,14to17,0.0994
2021-01-28,14to17,0.097
2021-01-29,14to17,0.0966
2021-01-30,14to17,0.0943
2021-01-31,14to17,0.0902
2021-02-01,14to17,0.0822
2021-02-02,14to17,0.0803
2021-02-03,14to17,0.0755
2021-02-04,14to17,0.0747
2021-02-05,14to17,0.07
2021-02-06,14to17,0.0668
2021-02-07,14to17,0.0656
2021-02-08,14to17,0.0687
2021-02-09,14to17,0.0688
2021-02-10,14to17,0.0706
2021-02-11,14to17,0.0647
2021-02-12,14to17,0.0643
2021-02-13,14to17,0.066
2021-02-14,14to17,0.0648
2021-02-15,14to17,0.0651
2021-02-16,14to17,0.0634
2021-02-17,14to17,0.0608
2021-02-18,14to17,0.0611
2021-02-19,14to17,0.0613
2021-02-20,14to17,0.0581
2021-02-21,14to17,0.0569
2021-02-22,14to17,0.0544
2021-02-23,14to17,0.0523
2021-02-24,14to17,0.0511
2021-02-25,14to17,0.0493
2021-02-26,14to17,0.047
2021-02-27,14to17,0.0452
2021-02-28,14to17,0.0455
2021-03-01,14to17,0.0438
2021-03-02,14to17,0.0434
2021-03-03,14to17,0.04
2021-03-04,14to17,0.0376
2021-03-05,14to17,0.0377
2021-03-06,14to17,0.0376
2021-03-07,14to17,0.0383
2021-03-08,14to17,0.0402
2021-03-09,14to17,0.0406
2021-03-10,14to17,0.0427
2021-03-11,14to17,0.0441
2021-03-12,14to17,0.0469
2021-03-13,14to17,0.0496
2021-03-14,14to17,0.0507
2021-03-15,14to17,0.05
2021-03-16,14to17,0.0499
2021-03-17,14to17,0.05
2021-03-18,14to17,0.0534
2020-05-01,18to24,0.0437
2020-05-02,18to24,0.0411
2020-05-03,18to24,0.0422
2020-05-04,18to24,0.0428
2020-05-05,18to24,0.0428
2020-05-06,18to24,0.0379
2020-05-07,18to24,0.0349
2020-05-08,18to24,0.0336
2020-05-09,18to24,0.0368
2020-05-10,18to24,0.0353
2020-05-11,18to24,0.0341
2020-05-12,18to24,0.0349
2020-05-13,18to24,0.0362
2020-05-14,18to24,0.0402
2020-05-15,18to24,0.0433
2020-05-16,18to24,0.043
2020-05-17,18to24,0.0463
2020-05-18,18to24,0.0507
2020-05-19,18to24,0.0551
2020-05-20,18to24,0.0588
2020-05-21,18to24,0.0621
2020-05-22,18to24,0.0614
2020-05-23,18to24,0.0627
2020-05-24,18to24,0.0596
2020-05-25,18to24,0.0521
2020-05-26,18to24,0.0488
2020-05-27,18to24,0.0443
2020-05-28,18to24,0.0411
2020-05-29,18to24,0.0403
2020-05-30,18to24,0.0368
2020-05-31,18to24,0.0342
2020-06-01,18to24,0.0331
2020-06-02,18to24,0.0299
2020-06-03,18to24,0.0295
2020-06-04,18to24,0.0273
2020-06-05,18to24,0.0261
2020-06-06,18to24,0.0249
2020-06-07,18to24,0.0246
2020-06-08,18to24,0.0221
2020-06-09,18to24,0.0189
2020-06-10,18to24,0.0168
2020-06-11,18to24,0.0158
2020-06-12,18to24,0.0136
2020-06-13,18to24,0.0137
2020-06-14,18to24,0.0138
2020-06-15,18to24,0.0145
2020-06-16,18to24,0.0148
2020-06-17,18to24,0.015
2020-06-18,18to24,0.0145
2020-06-19,18to24,0.014
2020-06-20,18to24,0.0145
2020-06-21,18to24,0.0138
2020-06-22,18to24,0.0125
2020-06-23,18to24,0.0124
2020-06-24,18to24,0.0116
2020-06-25,18to24,0.0126
2020-06-26,18to24,0.0126
2020-06-27,18to24,0.0115
2020-06-28,18to24,0.0114
2020-06-29,18to24,0.0112
2020-06-30,18to24,0.0106
2020-07-01,18to24,0.0107
2020-07-02,18to24,0.0091
2020-07-03,18to24,0.009
2020-07-04,18to24,0.0088
2020-07-05,18to24,0.008
2020-07-06,18to24,0.008
2020-07-07,18to24,0.0083
2020-07-08,18to24,0.0083
2020-07-09,18to24,0.0085
2020-07-10,18to24,0.0084
2020-07-11,18to24,0.0085
2020-07-12,18to24,0.0088
2020-07-13,18to24,0.008
2020-07-14,18to24,0.0076
2020-07-15,18to24,0.008
2020-07-16,18to24,0.008
2020-07-17,18to24,0.0089
2020-07-18,18to24,0.0088
2020-07-19,18to24,0.0096
2020-07-20,18to24,0.0098
2020-07-21,18to24,0.0103
2020-07-22,18to24,0.0106
2020-07-23,18to24,0.0106
2020-07-24,18to24,0.0107
2020-07-25,18to24,0.011
2020-07-26,18to24,0.0104
2020-07-27,18to24,0.01
2020-07-28,18to24,0.0094
2020-07-29,18to24,0.0084
2020-07-30,18to24,0.0083
2020-07-31,18to24,0.0076
2020-08-01,18to24,0.0078
2020-08-02,18to24,0.0076
2020-08-03,18to24,0.0074
2020-08-04,18to24,0.0075
2020-08-05,18to24,0.0075
2020-08-06,18to24,0.0073
2020-08-07,18to24,0.0075
2020-08-08,18to24,0.0067
2020-08-09,18to24,0.0062
2020-08-10,18to24,0.0064
2020-08-11,18to24,0.0059
2020-08-12,18to24,0.005
2020-08-13,18to24,0.0049
2020-08-14,18to24,0.0048
2020-08-15,18to24,0.0052
2020-08-16,18to24,0.0054
2020-08-17,18to24,0.0061
2020-08-18,18to24,0.0067
2020-08-19,18to24,0.0074
2020-08-20,18to24,0.0077
2020-08-21,18to24,0.0074
2020-08-22,18to24,0.0072
2020-08-23,18to24,0.0076
2020-08-24,18to24,0.0075
2020-08-25,18to24,0.0074
2020-08-26,18to24,0.0084
2020-08-27,18to24,0.0079
2020-08-28,18to24,0.008
2020-08-29,18to24,0.0086
2020-08-30,18to24,0.0087
2020-08-31,18to24,0.0084
2020-09-01,18to24,0.0085
2020-09-02,18to24,0.008
2020-09-03,18to24,0.0086
2020-09-04,18to24,0.0089
2020-09-05,18to24,0.0082
2020-09-06,18to24,0.0087
2020-09-07,18to24,0.0099
2020-09-08,18to24,0.0112
2020-09-09,18to24,0.0115
2020-09-10,18to24,0.0135
2020-09-11,18to24,0.0151
2020-09-12,18to24,0.0162
2020-09-13,18to24,0.0165
2020-09-14,18to24,0.016
2020-09-15,18to24,0.0186
2020-09-16,18to24,0.021
2020-09-17,18to24,0.022
2020-09-18,18to24,0.0227
2020-09-19,18to24,0.0234
2020-09-20,18to24,0.0238
2020-09-21,18to24,0.025
2020-09-22,18to24,0.024
2020-09-23,18to24,0.0242
2020-09-24,18to24,0.0244
2020-09-25,18to24,0.0261
2020-09-26,18to24,0.0277
2020-09-27,18to24,0.0294
2020-09-28,18to24,0.0326
2020-09-29,18to24,0.0349
2020-09-30,18to24,0.0364
2020-10-01,18to24,0.0373
2020-10-02,18to24,0.0358
2020-10-03,18to24,0.0355
2020-10-04,18to24,0.0346
2020-10-05,18to24,0.0306
2020-10-06,18to24,0.0278
2020-10-07,18to24,0.0267
2020-10-08,18to24,0.0262
2020-10-09,18to24,0.0265
2020-10-10,18to24,0.0258
2020-10-11,18to24,0.0274
2020-10-12,18to24,0.0304
2020-10-13,18to24,0.0327
2020-10-14,18to24,0.0327
2020-10-15,18to24,0.0334
2020-10-16,18to24,0.0334
2020-10-17,18to24,0.0348
2020-10-18,18to24,0.034
2020-10-19,18to24,0.0335
2020-10-20,18to24,0.0342
2020-10-21,18to24,0.0352
2020-10-22,18to24,0.0366
2020-10-23,18to24,0.0381
2020-10-24,18to24,0.0387
2020-10-25,18to24,0.039
2020-10-26,18to24,0.0393
2020-10-27,18to24,0.0396
2020-10-28,18to24,0.04
2020-10-29,18to24,0.0406
2020-10-30,18to24,0.042
2020-10-31,18to24,0.0434
2020-11-01,18to24,0.0439
2020-11-02,18to24,0.0431
2020-11-03,18to24,0.0439
2020-11-04,18to24,0.0452
2020-11-05,18to24,0.0455
2020-11-06,18to24,0.0463
2020-11-07,18to24,0.0468
2020-11-08,18to24,0.0477
2020-11-09,18to24,0.0505
2020-11-10,18to24,0.0522
2020-11-11,18to24,0.0555
2020-11-12,18to24,0.058
2020-11-13,18to24,0.0571
2020-11-14,18to24,0.0556
2020-11-15,18to24,0.0561
2020-11-16,18to24,0.0551
2020-11-17,18to24,0.0537
2020-11-18,18to24,0.052
2020-11-19,18to24,0.0509
2020-11-20,18to24,0.0512
2020-11-21,18to24,0.0518
2020-11-22,18to24,0.0513
2020-11-23,18to24,0.0516
2020-11-24,18to24,0.051
2020-11-25,18to24,0.0501
2020-11-26,18to24,0.0489
2020-11-27,18to24,0.0486
2020-11-28,18to24,0.0497
2020-11-29,18to24,0.0519
2020-11-30,18to24,0.0521
2020-12-01,18to24,0.0525
2020-12-02,18to24,0.0518
2020-12-03,18to24,0.0525
2020-12-04,18to24,0.0534
2020-12-05,18to24,0.0533
2020-12-06,18to24,0.0519
2020-12-07,18to24,0.0519
2020-12-08,18to24,0.0507
2020-12-09,18to24,0.0519
2020-12-10,18to24,0.053
2020-12-11,18to24,0.0532
2020-12-12,18to24,0.0537
2020-12-13,18to24,0.0537
2020-12-14,18to24,0.0544
2020-12-15,18to24,0.0556
2020-12-16,18to24,0.0547
2020-12-17,18to24,0.054
2020-12-18,18to24,0.0539
2020-12-19,18to24,0.0538
2020-12-20,18to24,0.054
2020-12-21,18to24,0.0521
2020-12-22,18to24,0.0525
2020-12-23,18to24,0.0552
2020-12-24,18to24,0.06
2020-12-25,18to24,0.0623
2020-12-26,18to24,0.0651
2020-12-27,18to24,0.0678
2020-12-28,18to24,0.0769
2020-12-29,18to24,0.0812
2020-12-30,18to24,0.0854
2020-12-31,18to24,0.0855
2021-01-01,18to24,0.0874
2021-01-02,18to24,0.0909
2021-01-03,18to24,0.0946
2021-01-04,18to24,0.0932
2021-01-05,18to24,0.0967
2021-01-06,18to24,0.097
2021-01-07,18to24,0.0968
2021-01-08,18to24,0.0963
2021-01-09,18to24,0.0944
2021-01-10,18to24,0.0912
2021-01-11,18to24,0.0887
2021-01-12,18to24,0.0856
2021-01-13,18to24,0.0819
2021-01-14,18to24,0.0788
2021-01-15,18to24,0.0756
2021-01-16,18to24,0.0738
2021-01-17,18to24,0.0732
2021-01-18,18to24,0.0723
2021-01-19,18to24,0.0704
2021-01-20,18to24,0.0701
2021-01-21,18to24,0.0683
2021-01-22,18to24,0.0657
2021-01-23,18to24,0.0637
2021-01-24,18to24,0.0624
2021-01-25,18to24,0.0589
2021-01-26,18to24,0.0558
2021-01-27,18to24,0.0534
2021-01-28,18to24,0.0515
2021-01-29,18to24,0.0519
2021-01-30,18to24,0.0504
2021-01-31,18to24,0.0486
2021-02-01,18to24,0.048
2021-02-02,18to24,0.046
2021-02-03,18to24,0.0433
2021-02-04,18to24,0.0419
2021-02-05,18to24,0.0388
2021-02-06,18to24,0.0377
2021-02-07,18to24,0.0372
2021-02-08,18to24,0.0354
2021-02-09,18to24,0.0345
2021-02-10,18to24,0.0337
2021-02-11,18to24,0.0331
2021-02-12,18to24,0.0323
2021-02-13,18to24,0.0323
2021-02-14,18to24,0.032
2021-02-15,18to24,0.033
2021-02-16,18to24,0.0342
2021-02-17,18to24,0.0358
2021-02-18,18to24,0.0365
2021-02-19,18to24,0.0372
2021-02-20,18to24,0.0369
2021-02-21,18to24,0.0372
2021-02-22,18to24,0.0366
2021-02-23,18to24,0.0369
2021-02-24,18to24,0.0377
2021-02-25,18to24,0.038
2021-02-26,18to24,0.0397
2021-02-27,18to24,0.0403
2021-02-28,18to24,0.0398
2021-03-01,18to24,0.0398
2021-03-02,18to24,0.0388
2021-03-03,18to24,0.0378
2021-03-04,18to24,0.0367
2021-03-05,18to24,0.0361
2021-03-06,18to24,0.0362
2021-03-07,18to24,0.038
2021-03-08,18to24,0.0388
2021-03-09,18to24,0.0408
2021-03-10,18to24,0.0433
2021-03-11,18to24,0.0456
2021-03-12,18to24,0.0451
2021-03-13,18to24,0.0452
2021-03-14,18to24,0.0456
2021-03-15,18to24,0.0486
2021-03-16,18to24,0.0513
2021-03-17,18to24,0.0525
2021-03-18,18to24,0.0542
2020-05-01,25to64,0.0503
2020-05-02,25to64,0.0491
2020-05-03,25to64,0.0482
2020-05-04,25to64,0.0468
2020-05-05,25to64,0.0446
2020-05-06,25to64,0.0421
2020-05-07,25to64,0.0403
2020-05-08,25to64,0.0388
2020-05-09,25to64,0.0383
2020-05-10,25to64,0.0382
2020-05-11,25to64,0.0382
2020-05-12,25to64,0.0385
2020-05-13,25to64,0.04
2020-05-14,25to64,0.0414
2020-05-15,25to64,0.0442
2020-05-16,25to64,0.0461
2020-05-17,25to64,0.0481
2020-05-18,25to64,0.0509
2020-05-19,25to64,0.0577
2020-05-20,25to64,0.0618
2020-05-21,25to64,0.0652
2020-05-22,25to64,0.0619
2020-05-23,25to64,0.0607
2020-05-24,25to64,0.058
2020-05-25,25to64,0.0515
2020-05-26,25to64,0.0446
2020-05-27,25to64,0.0392
2020-05-28,25to64,0.0354
2020-05-29,25to64,0.0341
2020-05-30,25to64,0.0326
2020-05-31,25to64,0.0312
2020-06-01,25to64,0.0302
2020-06-02,25to64,0.0282
2020-06-03,25to64,0.0265
2020-06-04,25to64,0.0248
2020-06-05,25to64,0.023
2020-06-06,25to64,0.0221
2020-06-07,25to64,0.0214
2020-06-08,25to64,0.0191
2020-06-09,25to64,0.0168
2020-06-10,25to64,0.0152
2020-06-11,25to64,0.0139
2020-06-12,25to64,0.0129
2020-06-13,25to64,0.0122
2020-06-14,25to64,0.0121
2020-06-15,25to64,0.0118
2020-06-16,25to64,0.0117
2020-06-17,25to64,0.0117
2020-06-18,25to64,0.0117
2020-06-19,25to64,0.0116
2020-06-20,25to64,0.0117
2020-06-21,25to64,0.0111
2020-06-22,25to64,0.0109
2020-06-23,25to64,0.0103
2020-06-24,25to64,0.0096
2020-06-25,25to64,0.0093
2020-06-26,25to64,0.0087
2020-06-27,25to64,0.0085
2020-06-28,25to64,0.0082
2020-06-29,25to64,0.008
2020-06-30,25to64,0.0079
2020-07-01,25to64,0.0082
2020-07-02,25to64,0.0081
2020-07-03,25to64,0.0083
2020-07-04,25to64,0.008
2020-07-05,25to64,0.008
2020-07-06,25to64,0.0081
2020-07-07,25to64,0.0077
2020-07-08,25to64,0.0071
2020-07-09,25to64,0.0066
2020-07-10,25to64,0.0067
2020-07-11,25to64,0.0068
2020-07-12,25to64,0.0068
2020-07-13,25to64,0.0065
2020-07-14,25to64,0.0069
2020-07-15,25to64,0.0068
2020-07-16,25to64,0.0072
2020-07-17,25to64,0.0072
2020-07-18,25to64,0.0073
2020-07-19,25to64,0.0075
2020-07-20,25to64,0.0075
2020-07-21,25to64,0.0076
2020-07-22,25to64,0.0074
2020-07-23,25to64,0.007
2020-07-24,25to64,0.007
2020-07-25,25to64,0.0067
2020-07-26,25to64,0.0066
2020-07-27,25to64,0.0064
2020-07-28,25to64,0.0057
2020-07-29,25to64,0.0055
2020-07-30,25to64,0.0053
2020-07-31,25to64,0.0052
2020-08-01,25to64,0.0049
2020-08-02,25to64,0.0048
2020-08-03,25to64,0.0049
2020-08-04,25to64,0.0049
2020-08-05,25to64,0.0049
2020-08-06,25to64,0.0051
2020-08-07,25to64,0.0049
2020-08-08,25to64,0.0049
2020-08-09,25to64,0.0049
2020-08-10,25to64,0.0046
2020-08-11,25to64,0.0045
2020-08-12,25to64,0.0043
2020-08-13,25to64,0.0042
2020-08-14,25to64,0.0042
2020-08-15,25to64,0.0044
2020-08-16,25to64,0.0043
2020-08-17,25to64,0.0045
2020-08-18,25to64,0.0045
2020-08-19,25to64,0.0047
2020-08-20,25to64,0.0048
2020-08-21,25to64,0.0048
2020-08-22,25to64,0.0048
2020-08-23,25to64,0.005
2020-08-24,25to64,0.0048
2020-08-25,25to64,0.0047
2020-08-26,25to64,0.0048
2020-08-27,25to64,0.0047
2020-08-28,25to64,0.0048
2020-08-29,25to64,0.0048
2020-08-30,25to64,0.0049
2020-08-31,25to64,0.0051
2020-09-01,25to64,0.0055
2020-09-02,25to64,0.0059
2020-09-03,25to64,0.0064
2020-09-04,25to64,0.0067
2020-09-05,25to64,0.007
2020-09-06,25to64,0.0071
2020-09-07,25to64,0.0078
2020-09-08,25to64,0.0078
2020-09-09,25to64,0.0076
2020-09-10,25to64,0.0079
2020-09-11,25to64,0.008
2020-09-12,25to64,0.0085
2020-09-13,25to64,0.0089
2020-09-14,25to64,0.0089
2020-09-15,25to64,0.0096
2020-09-16,25to64,0.0104
2020-09-17,25to64,0.0109
2020-09-18,25to64,0.0118
2020-09-19,25to64,0.0118
2020-09-20,25to64,0.0119
2020-09-21,25to64,0.0117
2020-09-22,25to64,0.012
2020-09-23,25to64,0.0124
2020-09-24,25to64,0.0129
2020-09-25,25to64,0.0135
2020-09-26,25to64,0.0146
2020-09-27,25to64,0.0155
2020-09-28,25to64,0.0165
2020-09-29,25to64,0.0173
2020-09-30,25to64,0.0181
2020-10-01,25to64,0.0186
2020-10-02,25to64,0.0186
2020-10-03,25to64,0.0183
2020-10-04,25to64,0.0179
2020-10-05,25to64,0.0179
2020-10-06,25to64,0.0176
2020-10-07,25to64,0.0175
2020-10-08,25to64,0.0177
2020-10-09,25to64,0.0181
2020-10-10,25to64,0.0184
2020-10-11,25to64,0.0194
2020-10-12,25to64,0.0214
2020-10-13,25to64,0.0225
2020-10-14,25to64,0.023
2020-10-15,25to64,0.0242
2020-10-16,25to64,0.0247
2020-10-17,25to64,0.0253
2020-10-18,25to64,0.0257
2020-10-19,25to64,0.0246
2020-10-20,25to64,0.025
2020-10-21,25to64,0.0258
2020-10-22,25to64,0.0263
2020-10-23,25to64,0.0271
2020-10-24,25to64,0.0277
2020-10-25,25to64,0.0282
2020-10-26,25to64,0.0283
2020-10-27,25to64,0.0283
2020-10-28,25to64,0.0289
2020-10-29,25to64,0.0291
2020-10-30,25to64,0.0291
2020-10-31,25to64,0.0292
2020-11-01,25to64,0.0291
2020-11-02,25to64,0.0299
2020-11-03,25to64,0.0309
2020-11-04,25to64,0.0314
2020-11-05,25to64,0.0327
2020-11-06,25to64,0.0344
2020-11-07,25to64,0.036
2020-11-08,25to64,0.0372
2020-11-09,25to64,0.0383
2020-11-10,25to64,0.0398
2020-11-11,25to64,0.0419
2020-11-12,25to64,0.0426
2020-11-13,25to64,0.0422
2020-11-14,25to64,0.042
2020-11-15,25to64,0.0419
2020-11-16,25to64,0.041
2020-11-17,25to64,0.0402
2020-11-18,25to64,0.0391
2020-11-19,25to64,0.0389
2020-11-20,25to64,0.0388
2020-11-21,25to64,0.0384
2020-11-22,25to64,0.0384
2020-11-23,25to64,0.0387
2020-11-24,25to64,0.038
2020-11-25,25to64,0.0375
2020-11-26,25to64,0.0374
2020-11-27,25to64,0.0378
2020-11-28,25to64,0.0393
2020-11-29,25to64,0.0399
2020-11-30,25to64,0.0403
2020-12-01,25to64,0.0405
2020-12-02,25to64,0.0401
2020-12-03,25to64,0.0403
2020-12-04,25to64,0.0407
2020-12-05,25to64,0.0402
2020-12-06,25to64,0.0401
2020-12-07,25to64,0.0392
2020-12-08,25to64,0.0385
2020-12-09,25to64,0.0389
2020-12-10,25to64,0.0388
2020-12-11,25to64,0.0387
2020-12-12,25to64,0.0389
2020-12-13,25to64,0.0393
2020-12-14,25to64,0.0405
2020-12-15,25to64,0.0411
2020-12-16,25to64,0.0413
2020-12-17,25to64,0.0422
2020-12-18,25to64,0.0419
2020-12-19,25to64,0.0417
2020-12-20,25to64,0.0416
2020-12-21,25to64,0.0405
2020-12-22,25to64,0.0405
2020-12-23,25to64,0.0414
2020-12-24,25to64,0.0435
2020-12-25,25to64,0.0457
2020-12-26,25to64,0.0481
2020-12-27,25to64,0.0504
2020-12-28,25to64,0.056
2020-12-29,25to64,0.0588
2020-12-30,25to64,0.062
2020-12-31,25to64,0.0632
2021-01-01,25to64,0.064
2021-01-02,25to64,0.0653
2021-01-03,25to64,0.0667
2021-01-04,25to64,0.0658
2021-01-05,25to64,0.0683
2021-01-06,25to64,0.0676
2021-01-07,25to64,0.067
2021-01-08,25to64,0.0654
2021-01-09,25to64,0.064
2021-01-10,25to64,0.0619
2021-01-11,25to64,0.0595
2021-01-12,25to64,0.0571
2021-01-13,25to64,0.0557
2021-01-14,25to64,0.0539
2021-01-15,25to64,0.0525
2021-01-16,25to64,0.0516
2021-01-17,25to64,0.0512
2021-01-18,25to64,0.0505
2021-01-19,25to64,0.0492
2021-01-20,25to64,0.0479
2021-01-21,25to64,0.0468
2021-01-22,25to64,0.0455
2021-01-23,25to64,0.0442
2021-01-24,25to64,0.0431
2021-01-25,25to64,0.0419
2021-01-26,25to64,0.0405
2021-01-27,25to64,0.0397
2021-01-28,25to64,0.0385
2021-01-29,25to64,0.0377
2021-01-30,25to64,0.0371
2021-01-31,25to64,0.0365
2021-02-01,25to64,0.0353
2021-02-02,25to64,0.0342
2021-02-03,25to64,0.0326
2021-02-04,25to64,0.0315
2021-02-05,25to64,0.0301
2021-02-06,25to64,0.029
2021-02-07,25to64,0.0284
2021-02-08,25to64,0.0269
2021-02-09,25to64,0.0265
2021-02-10,25to64,0.026
2021-02-11,25to64,0.0257
2021-02-12,25to64,0.0255
2021-02-13,25to64,0.0253
2021-02-14,25to64,0.025
2021-02-15,25to64,0.0263
2021-02-16,25to64,0.0255
2021-02-17,25to64,0.0256
2021-02-18,25to64,0.025
2021-02-19,25to64,0.025
2021-02-20,25to64,0.0248
2021-02-21,25to64,0.0249
2021-02-22,25to64,0.0238
2021-02-23,25to64,0.024
2021-02-24,25to64,0.0243
2021-02-25,25to64,0.0239
2021-02-26,25to64,0.0235
2021-02-27,25to64,0.0235
2021-02-28,25to64,0.0234
2021-03-01,25to64,0.0236
2021-03-02,25to64,0.0237
2021-03-03,25to64,0.0244
2021-03-04,25to64,0.0252
2021-03-05,25to64,0.0257
2021-03-06,25to64,0.0261
2021-03-07,25to64,0.0264
2021-03-08,25to64,0.0269
2021-03-09,25to64,0.028
2021-03-10,25to64,0.0283
2021-03-11,25to64,0.029
2021-03-12,25to64,0.0295
2021-03-13,25to64,0.0297
2021-03-14,25to64,0.0301
2021-03-15,25to64,0.032
2021-03-16,25to64,0.0342
2021-03-17,25to64,0.0364
2021-03-18,25to64,0.0373
2020-05-01,65+,0.0427
2020-05-02,65+,0.0431
2020-05-03,65+,0.0439
2020-05-04,65+,0.0405
2020-05-05,65+,0.0394
2020-05-06,65+,0.036
2020-05-07,65+,0.035
2020-05-08,65+,0.0342
2020-05-09,65+,0.0342
2020-05-10,65+,0.0336
2020-05-11,65+,0.0356
2020-05-12,65+,0.037
2020-05-13,65+,0.0405
2020-05-14,65+,0.042
2020-05-15,65+,0.0442
2020-05-16,65+,0.0456
2020-05-17,65+,0.0462
2020-05-18,65+,0.0494
2020-05-19,65+,0.0523
2020-05-20,65+,0.0542
2020-05-21,65+,0.0556
2020-05-22,65+,0.0519
2020-05-23,65+,0.0482
2020-05-24,65+,0.0463
2020-05-25,65+,0.0407
2020-05-26,65+,0.0351
2020-05-27,65+,0.0321
2020-05-28,65+,0.0299
2020-05-29,65+,0.0281
2020-05-30,65+,0.0268
2020-05-31,65+,0.0253
2020-06-01,65+,0.0265
2020-06-02,65+,0.0258
2020-06-03,65+,0.0239
2020-06-04,65+,0.0231
2020-06-05,65+,0.0231
2020-06-06,65+,0.0223
2020-06-07,65+,0.0224
2020-06-08,65+,0.0199
2020-06-09,65+,0.0188
2020-06-10,65+,0.0186
2020-06-11,65+,0.017
2020-06-12,65+,0.0145
2020-06-13,65+,0.0141
2020-06-14,65+,0.0131
2020-06-15,65+,0.0107
2020-06-16,65+,0.0092
2020-06-17,65+,0.0085
2020-06-18,65+,0.0077
2020-06-19,65+,0.0077
2020-06-20,65+,0.0074
2020-06-21,65+,0.0073
2020-06-22,65+,0.0073
2020-06-23,65+,0.0076
2020-06-24,65+,0.0073
2020-06-25,65+,0.0074
2020-06-26,65+,0.0071
2020-06-27,65+,0.0067
2020-06-28,65+,0.0065
2020-06-29,65+,0.0062
2020-06-30,65+,0.0059
2020-07-01,65+,0.0053
2020-07-02,65+,0.0052
2020-07-03,65+,0.005
2020-07-04,65+,0.0051
2020-07-05,65+,0.0052
2020-07-06,65+,0.0051
2020-07-07,65+,0.0048
2020-07-08,65+,0.0049
2020-07-09,65+,0.0044
2020-07-10,65+,0.0048
2020-07-11,65+,0.0047
2020-07-12,65+,0.0046
2020-07-13,65+,0.0042
2020-07-14,65+,0.0044
2020-07-15,65+,0.0041
2020-07-16,65+,0.004
2020-07-17,65+,0.004
2020-07-18,65+,0.0039
2020-07-19,65+,0.0037
2020-07-20,65+,0.0038
2020-07-21,65+,0.0037
2020-07-22,65+,0.0035
2020-07-23,65+,0.0036
2020-07-24,65+,0.0032
2020-07-25,65+,0.0034
2020-07-26,65+,0.0034
2020-07-27,65+,0.0033
2020-07-28,65+,0.0032
2020-07-29,65+,0.0033
2020-07-30,65+,0.0033
2020-07-31,65+,0.0035
2020-08-01,65+,0.0033
2020-08-02,65+,0.0032
2020-08-03,65+,0.0029
2020-08-04,65+,0.0025
2020-08-05,65+,0.0023
2020-08-06,65+,0.0025
2020-08-07,65+,0.0024
2020-08-08,65+,0.0023
2020-08-09,65+,0.0025
2020-08-10,65+,0.0027
2020-08-11,65+,0.003
2020-08-12,65+,0.003
2020-08-13,65+,0.0028
2020-08-14,65+,0.0028
2020-08-15,65+,0.003
2020-08-16,65+,0.003
2020-08-17,65+,0.003
2020-08-18,65+,0.0028
2020-08-19,65+,0.003
2020-08-20,65+,0.0031
2020-08-21,65+,0.003
2020-08-22,65+,0.003
2020-08-23,65+,0.0032
2020-08-24,65+,0.0035
2020-08-25,65+,0.0038
2020-08-26,65+,0.0038
2020-08-27,65+,0.004
2020-08-28,65+,0.004
2020-08-29,65+,0.004
2020-08-30,65+,0.004
2020-08-31,65+,0.0039
2020-09-01,65+,0.0038
2020-09-02,65+,0.0036
2020-09-03,65+,0.0034
2020-09-04,65+,0.0037
2020-09-05,65+,0.0039
2020-09-06,65+,0.0037
2020-09-07,65+,0.0037
2020-09-08,65+,0.004
2020-09-09,65+,0.0042
2020-09-10,65+,0.0047
2020-09-11,65+,0.0047
2020-09-12,65+,0.0049
2020-09-13,65+,0.0051
2020-09-14,65+,0.0048
2020-09-15,65+,0.0052
2020-09-16,65+,0.0053
2020-09-17,65+,0.0055
2020-09-18,65+,0.0059
2020-09-19,65+,0.0061
2020-09-20,65+,0.0065
2020-09-21,65+,0.0073
2020-09-22,65+,0.0079
2020-09-23,65+,0.0085
2020-09-24,65+,0.0089
2020-09-25,65+,0.0097
2020-09-26,65+,0.0104
2020-09-27,65+,0.0104
2020-09-28,65+,0.0115
2020-09-29,65+,0.0122
2020-09-30,65+,0.0124
2020-10-01,65+,0.0124
2020-10-02,65+,0.0125
2020-10-03,65+,0.0124
2020-10-04,65+,0.0126
2020-10-05,65+,0.0124
2020-10-06,65+,0.0126
2020-10-07,65+,0.0128
2020-10-08,65+,0.0126
2020-10-09,65+,0.0133
2020-10-10,65+,0.0134
2020-10-11,65+,0.014
2020-10-12,65+,0.0146
2020-10-13,65+,0.0147
2020-10-14,65+,0.015
2020-10-15,65+,0.0162
2020-10-16,65+,0.0163
2020-10-17,65+,0.0176
2020-10-18,65+,0.0178
2020-10-19,65+,0.017
2020-10-20,65+,0.0178
2020-10-21,65+,0.0199
2020-10-22,65+,0.0205
2020-10-23,65+,0.0209
2020-10-24,65+,0.021
2020-10-25,65+,0.0221
2020-10-26,65+,0.0233
2020-10-27,65+,0.0245
2020-10-28,65+,0.0255
2020-10-29,65+,0.0258
2020-10-30,65+,0.0254
2020-10-31,65+,0.0254
2020-11-01,65+,0.0246
2020-11-02,65+,0.0263
2020-11-03,65+,0.0263
2020-11-04,65+,0.0259
2020-11-05,65+,0.0267
2020-11-06,65+,0.03
2020-11-07,65+,0.0311
2020-11-08,65+,0.0324
2020-11-09,65+,0.033
2020-11-10,65+,0.0332
2020-11-11,65+,0.0339
2020-11-12,65+,0.0346
2020-11-13,65+,0.0332
2020-11-14,65+,0.033
2020-11-15,65+,0.0335
2020-11-16,65+,0.0322
2020-11-17,65+,0.0326
2020-11-18,65+,0.0318
2020-11-19,65+,0.0318
2020-11-20,65+,0.0317
2020-11-21,65+,0.032
2020-11-22,65+,0.0311
2020-11-23,65+,0.0312
2020-11-24,65+,0.0307
2020-11-25,65+,0.0312
2020-11-26,65+,0.0323
2020-11-27,65+,0.0319
2020-11-28,65+,0.0318
2020-11-29,65+,0.0331
2020-11-30,65+,0.0331
2020-12-01,65+,0.0331
2020-12-02,65+,0.0325
2020-12-03,65+,0.0309
2020-12-04,65+,0.0325
2020-12-05,65+,0.0326
2020-12-06,65+,0.0324
2020-12-07,65+,0.0327
2020-12-08,65+,0.0329
2020-12-09,65+,0.0333
2020-12-10,65+,0.0352
2020-12-11,65+,0.0351
2020-12-12,65+,0.0355
2020-12-13,65+,0.0359
2020-12-14,65+,0.0364
2020-12-15,65+,0.0367
2020-12-16,65+,0.0386
2020-12-17,65+,0.039
2020-12-18,65+,0.0384
2020-12-19,65+,0.039
2020-12-20,65+,0.0382
2020-12-21,65+,0.0377
2020-12-22,65+,0.0391
2020-12-23,65+,0.0391
2020-12-24,65+,0.04
2020-12-25,65+,0.0433
2020-12-26,65+,0.0453
2020-12-27,65+,0.0479
2020-12-28,65+,0.0505
2020-12-29,65+,0.051
2020-12-30,65+,0.052
2020-12-31,65+,0.052
2021-01-01,65+,0.0527
2021-01-02,65+,0.0527
2021-01-03,65+,0.0531
2021-01-04,65+,0.0526
2021-01-05,65+,0.0537
2021-01-06,65+,0.055
2021-01-07,65+,0.0558
2021-01-08,65+,0.0536
2021-01-09,65+,0.0526
2021-01-10,65+,0.0513
2021-01-11,65+,0.051
2021-01-12,65+,0.0495
2021-01-13,65+,0.0476
2021-01-14,65+,0.0459
2021-01-15,65+,0.0444
2021-01-16,65+,0.0435
2021-01-17,65+,0.0432
2021-01-18,65+,0.0423
2021-01-19,65+,0.0418
2021-01-20,65+,0.041
2021-01-21,65+,0.0395
2021-01-22,65+,0.0382
2021-01-23,65+,0.0375
2021-01-24,65+,0.0371
2021-01-25,65+,0.0362
2021-01-26,65+,0.0355
2021-01-27,65+,0.0339
2021-01-28,65+,0.0333
2021-01-29,65+,0.0321
2021-01-30,65+,0.0317
2021-01-31,65+,0.0305
2021-02-01,65+,0.029
2021-02-02,65+,0.0274
2021-02-03,65+,0.0267
2021-02-04,65+,0.025
2021-02-05,65+,0.0248
2021-02-06,65+,0.0236
2021-02-07,65+,0.0234
2021-02-08,65+,0.0222
2021-02-09,65+,0.0212
2021-02-10,65+,0.0203
2021-02-11,65+,0.0193
2021-02-12,65+,0.0187
2021-02-13,65+,0.0186
2021-02-14,65+,0.0178
2021-02-15,65+,0.0183
2021-02-16,65+,0.0175
2021-02-17,65+,0.017
2021-02-18,65+,0.0177
2021-02-19,65+,0.0172
2021-02-20,65+,0.0166
2021-02-21,65+,0.0168
2021-02-22,65+,0.016
2021-02-23,65+,0.0165
2021-02-24,65+,0.0168
2021-02-25,65+,0.0164
2021-02-26,65+,0.0165
2021-02-27,65+,0.0166
2021-02-28,65+,0.0166
2021-03-01,65+,0.0167
2021-03-02,65+,0.0169
2021-03-03,65+,0.017
2021-03-04,65+,0.0175
2021-03-05,65+,0.0176
2021-03-06,65+,0.0182
2021-03-07,65+,0.0188
2021-03-08,65+,0.0193
2021-03-09,65+,0.0196
2021-03-10,65+,0.0201
2021-03-11,65+,0.0209
2021-03-12,65+,0.0209
2021-03-13,65+,0.0215
2021-03-14,65+,0.0214
2021-03-15,65+,0.0224
2021-03-16,65+,0.0233
2021-03-17,65+,0.025
2021-03-18,65+,0.0252